{"cameraMode":{"drawMode":0,"name":"Shaded","section":"Shading Mode"},"sceneLighting":true,"audioPlay":false,"sceneViewState":{"m_AlwaysRefresh":false,"showFog":true,"showSkybox":true,"showFlares":true,"showImageEffects":true,"showParticleSystems":true,"showVisualEffectGraphs":true,"m_FxEnabled":true},"in2DMode":false,"pivot":{"x":0.17879104614257813,"y":16.632883071899415,"z":-2.46417498588562},"rotation":{"x":0.33173006772994997,"y":0.48994114995002749,"z":-0.20806755125522614,"w":0.7789795994758606},"size":5.248645305633545,"orthographic":false}