{"cameraMode":{"drawMode":0,"name":"Shaded","section":"Shading Mode"},"sceneLighting":true,"audioPlay":false,"sceneViewState":{"m_AlwaysRefresh":false,"showFog":true,"showSkybox":true,"showFlares":true,"showImageEffects":true,"showParticleSystems":true,"showVisualEffectGraphs":true,"m_FxEnabled":true},"in2DMode":false,"pivot":{"x":27.158716201782228,"y":2.9087398052215578,"z":-1.0384635925292969},"rotation":{"x":-0.1388162076473236,"y":0.08760491013526917,"z":-0.012510483153164387,"w":-0.9865127205848694},"size":12.124356269836426,"orthographic":false}