{"cameraMode":{"drawMode":0,"name":"Shaded","section":"Shading Mode"},"sceneLighting":true,"audioPlay":false,"sceneViewState":{"m_AlwaysRefresh":false,"showFog":true,"showSkybox":true,"showFlares":true,"showImageEffects":true,"showParticleSystems":true,"showVisualEffectGraphs":true,"m_FxEnabled":true},"in2DMode":false,"pivot":{"x":-12.123159408569336,"y":7.4352288246154789,"z":-15.790176391601563},"rotation":{"x":0.05349629744887352,"y":0.8703465461730957,"z":0.09666334092617035,"w":-0.4802115857601166},"size":12.124356269836426,"orthographic":false}