{"cameraMode":{"drawMode":0,"name":"Shaded","section":"Shading Mode"},"sceneLighting":true,"audioPlay":false,"sceneViewState":{"m_AlwaysRefresh":false,"showFog":true,"showSkybox":true,"showFlares":true,"showImageEffects":true,"showParticleSystems":true,"showVisualEffectGraphs":true,"m_FxEnabled":true},"in2DMode":false,"pivot":{"x":-177.14981079101563,"y":-14.081830978393555,"z":73.00792694091797},"rotation":{"x":-0.040432099252939227,"y":0.5493953227996826,"z":-0.026413816958665849,"w":-0.8342517018318176},"size":99.17424011230469,"orthographic":false}