{"cameraMode":{"drawMode":0,"name":"Shaded","section":"Shading Mode"},"sceneLighting":true,"audioPlay":false,"sceneViewState":{"m_AlwaysRefresh":false,"showFog":true,"showSkybox":true,"showFlares":true,"showImageEffects":true,"showParticleSystems":true,"showVisualEffectGraphs":true,"m_FxEnabled":true},"in2DMode":false,"pivot":{"x":-121.58140563964844,"y":27.44407081604004,"z":2.638415575027466},"rotation":{"x":0.3083055019378662,"y":0.05487006902694702,"z":-0.016716310754418374,"w":0.9497971534729004},"size":3.570714235305786,"orthographic":false}